{
  "data": {
    "file-browser-filebrowser:cwd": {
      "path": "scipy-tutorial"
    },
    "dask-dashboard-launcher:individual-progress": {
      "data": {
        "route": "individual-progress",
        "label": "Progress"
      }
    },
    "dask-dashboard-launcher:individual-task-stream": {
      "data": {
        "route": "individual-task-stream",
        "label": "Task Stream"
      }
    },
    "layout-restorer:data": {
      "main": {
        "dock": {
          "type": "split-area",
          "orientation": "horizontal",
          "sizes": [
            0.736625105372905,
            0.263374894627095
          ],
          "children": [
            {
              "type": "tab-area",
              "currentIndex": 0,
              "widgets": [
                "notebook:scipy-tutorial/00_overview.ipynb"
              ]
            },
            {
              "type": "split-area",
              "orientation": "vertical",
              "sizes": [
                0.5,
                0.5
              ],
              "children": [
                {
                  "type": "tab-area",
                  "currentIndex": 0,
                  "widgets": [
                    "dask-dashboard-launcher:individual-progress"
                  ]
                },
                {
                  "type": "tab-area",
                  "currentIndex": 1,
                  "widgets": [
                    "dask-dashboard-launcher:individual-task-stream"
                  ]
                }
              ]
            }
          ]
        },
        "mode": "multiple-document",
        "current": "notebook:scipy-tutorial/00_overview.ipynb"
      },
      "left": {
        "collapsed": false,
        "current": "filebrowser",
        "widgets": [
          "filebrowser",
          "running-sessions",
          "dask-dashboard-launcher",
          "command-palette",
          "jp-property-inspector",
          "tab-manager",
          "extensionmanager.main-view"
        ]
      },
      "right": {
        "collapsed": true,
        "widgets": []
      }
    },
    "notebook:00_overview.ipynb": {
      "data": {
        "path": "scipy-tutorial/00_overview.ipynb",
        "factory": "Notebook"
      }
    },
    "notebook:scipy-tutorial/00_overview.ipynb": {
      "data": {
        "path": "scipy-tutorial/00_overview.ipynb",
        "factory": "Notebook"
      }
    },
    "dask-dashboard-launcher": {
      "url": "DASK_DASHBOARD_URL",
      "cluster": ""
    },
    "@jupyterlab/settingeditor-extension:plugin": {
      "sizes": [
        0.18606224627875506,
        0.8139377537212449
      ],
      "container": {
        "plugin": "@jupyterlab/terminal-extension:plugin",
        "sizes": [
          0.5,
          0.5
        ]
      }
    }
  },
  "metadata": {
    "id": "/lab"
  }
}
